{
  "components/carousel": "{{#gte carousel.slides.length 1}}\n    <section class=\"heroCarousel\"\n        data-slick='{\n            \"arrows\": {{arrows}},\n            \"mobileFirst\": true,\n            \"slidesToShow\": 1,\n            \"slidesToScroll\": 1,\n            \"autoplay\": true,\n            \"autoplaySpeed\": {{carousel.swap_frequency}},\n            \"lazyLoad\": \"anticipated\",\n            \"slide\": \".js-hero-slide\",\n            \"prevArrow\": \".js-hero-prev-arrow\",\n            \"nextArrow\": \".js-hero-next-arrow\"\n        }'\n        data-dots-labels='{\n            \"dotAriaLabel\": \"{{lang 'carousel.dotAriaLabel'}}\",\n            \"activeDotAriaLabel\": \"{{lang 'carousel.activeDotAriaLabel'}}\"\n        }'>\n        {{#and arrows (if carousel.slides.length '>' 1)}}\n            <button aria-label=\"{{lang 'carousel.arrowAriaLabel'}} {{carousel.slides.length}}\" class=\"js-hero-prev-arrow slick-prev slick-arrow\"></button>\n        {{/and}}\n        {{#each carousel.slides}}\n        {{#if url}}\n            <a href=\"{{url}}\" class=\"js-hero-slide\" aria-label=\"{{#if this.alt_text.length '!=' 0}}{{this.alt_text}}{{else}}{{lang 'common.carousel_slide_number' slide_number=(add @index 1)}}{{/if}}\">\n        {{else}}\n            <div class=\"js-hero-slide\">\n        {{/if}}\n            <div class=\"heroCarousel-slide {{#if ../theme_settings.homepage_stretch_carousel_images}}stretch{{/if}} {{#if @first}}heroCarousel-slide--first{{/if}}\">\n                <div class=\"heroCarousel-image-wrapper\" {{#and image_height image_width}}style=\"height: {{multiply (divide image_height image_width) 100}}vw\"{{/and}}>\n                    <img class=\"heroCarousel-image\" {{#if @first}}src{{else}}data-lazy{{/if}}=\"{{image}}\" alt=\"{{alt_text}}\" title=\"{{alt_text}}\" {{#if image_width}}width=\"{{image_width}}\"{{/if}} {{#if image_height}}height=\"{{image_height}}\"{{/if}} />\n                </div>\n                {{#or heading text button_text}}\n                <div class=\"heroCarousel-content--wrapper\">\n                    {{#or heading text}}\n                        {{> components/carousel-content show_background=true}}\n                    {{else}}\n                        {{#if button_text}}\n                            {{> components/carousel-content show_background=false}}\n                        {{/if}}\n                    {{/or}}\n                </div>\n                {{/or}}\n            </div>\n        {{#if url}}\n            </a>\n        {{else}}\n            </div>\n        {{/if}}\n        {{/each}}\n        {{#and arrows (if carousel.slides.length '>' 1)}}\n        <button aria-label=\"{{lang 'carousel.arrowAriaLabel'}} {{carousel.slides.length}}\" class=\"js-hero-next-arrow slick-next slick-arrow\"></button>\n        {{/and}}\n    </section>\n{{/gte}}",
  "components/carousel-content": "<div class=\"heroCarousel-content{{#and (if heading '==' false) (if text '==' false)}} heroCarousel-content--empty{{/and}}\">\n    {{#if heading}}\n        <p class=\"heroCarousel-title\">{{{heading}}}</p>\n    {{/if}}\n    {{#if text}}\n        <p class=\"heroCarousel-description\">{{{text}}}</p>\n    {{/if}}\n    {{#if button_text}}\n        <span class=\"heroCarousel-action button button--primary button--large\">{{button_text}}</span>\n    {{/if}}\n</div>\n"
}